year,Private_nonresidential_fixed_assets,Equipment,Structures,Intellectual_property_products,By_selected_industry_group_Farms,By_selected_industry_group_Equipment,By_selected_industry_group_Structures,By_selected_industry_group_Intellectual_property_products,By_selected_industry_group_Manufacturing,By_selected_industry_group_Nonfarm_nonmanufacturing,By_legal_form_of_organization_Corporate,By_legal_form_of_organization_Equipment,By_legal_form_of_organization_Structures,By_legal_form_of_organization_Intellectual_property_products,By_corporate_industry_group_Farms,By_corporate_industry_group_Equipment,By_corporate_industry_group_Structures,By_corporate_industry_group_Intellectual_property_products,By_corporate_industry_group_Manufacturing,By_corporate_industry_group_Nonfarm_nonmanufacturing,By_corporate_financial_and_nonfinancial_Financial,By_corporate_financial_and_nonfinancial_Equipment,By_corporate_financial_and_nonfinancial_Structures,By_corporate_financial_and_nonfinancial_Intellectual_property_products,By_corporate_financial_and_nonfinancial_Nonfinancial,By_corporate_financial_and_nonfinancial_Noncorporate,By_noncorporate_industry_group_Farms,By_noncorporate_industry_group_Equipment,By_noncorporate_industry_group_Structures,By_noncorporate_industry_group_Intellectual_property_products,By_noncorporate_industry_group_Manufacturing,By_noncorporate_industry_group_Nonfarm_nonmanufacturing,By_noncorporate_legal_form_of_organization_Sole_proprietorships,By_noncorporate_legal_form_of_organization_Equipment,By_noncorporate_legal_form_of_organization_Structures,By_noncorporate_legal_form_of_organization_Intellectual_property_products,By_noncorporate_legal_form_of_organization_Partnerships,By_noncorporate_legal_form_of_organization_Nonprofit_institutions,By_noncorporate_legal_form_of_organization_Households,By_noncorporate_legal_form_of_organization_Tax_exempt_cooperatives
1925,90.3,31.3,57.1,1.8,6.8,21.5,47.0,1.5,13.5,70.0,69.6,23.2,45.2,1.2,0.1,16.7,39.2,0.8,12.7,56.7,2.2,8.1,11.9,0.6,67.4,20.7,6.6,4.9,7.8,0.6,0.7,13.3,11.0,0.0,0.0,0.0,6.1,3.5,0.1,0.0
1926,95.0,32.2,60.9,1.9,6.9,22.2,50.3,1.5,14.0,74.1,72.6,23.6,47.7,1.3,0.1,17.0,41.4,0.9,13.2,59.3,2.3,8.5,13.1,0.7,70.3,22.4,6.8,5.2,8.9,0.7,0.8,14.8,11.7,0.0,0.0,0.0,6.5,4.0,0.1,0.0
1927,99.2,32.6,64.5,2.1,7.1,22.5,53.5,1.6,14.5,77.6,75.3,23.7,50.2,1.3,0.1,17.1,43.4,0.9,13.7,61.4,2.4,8.9,14.3,0.7,72.8,24.0,7.0,5.5,10.1,0.7,0.8,16.2,12.4,0.0,0.0,0.0,6.9,4.6,0.1,0.0
1928,103.5,33.3,68.0,2.2,7.3,22.9,56.3,1.8,15.2,81.0,78.0,24.0,52.5,1.5,0.1,17.2,45.3,1.0,14.4,63.4,2.6,9.3,15.4,0.8,75.4,25.5,7.1,5.7,11.1,0.7,0.8,17.5,13.0,0.0,0.0,0.0,7.3,5.0,0.1,0.0
1929,108.3,34.3,71.6,2.5,7.4,23.4,59.3,1.9,16.3,84.6,81.4,24.5,55.2,1.6,0.2,17.4,47.3,1.1,15.4,65.9,2.7,9.7,16.4,0.8,78.7,27.0,7.3,6.0,12.0,0.8,0.9,18.8,13.6,0.0,0.0,0.0,7.8,5.5,0.1,0.0
1930,111.0,34.1,74.3,2.6,7.5,23.1,61.7,2.1,16.7,86.9,83.4,24.5,57.2,1.8,0.2,17.2,49.0,1.2,15.8,67.4,2.9,9.7,17.1,0.9,80.5,27.7,7.3,5.9,12.7,0.9,0.9,19.5,13.7,0.0,0.0,0.0,7.9,5.9,0.1,0.0
1931,110.5,32.7,75.0,2.8,7.2,22.1,62.6,2.1,16.5,86.8,83.0,23.5,57.7,1.8,0.1,16.4,49.6,1.2,15.6,67.3,2.9,9.2,17.3,0.9,80.2,27.4,7.1,5.6,13.0,0.9,0.9,19.5,13.4,0.0,0.0,0.0,7.8,6.1,0.1,0.0
1932,107.8,30.5,74.5,2.8,6.8,20.5,62.4,2.1,15.9,85.1,81.2,22.1,57.3,1.9,0.1,15.4,49.4,1.3,15.1,66.0,2.8,8.4,17.2,0.9,78.4,26.6,6.7,5.2,13.0,0.9,0.8,19.0,12.8,0.0,0.0,0.0,7.5,6.2,0.1,0.0
1933,105.0,28.5,73.7,2.8,6.5,19.0,61.8,2.2,15.6,83.0,79.4,20.8,56.7,1.9,0.1,14.3,48.9,1.3,14.8,64.5,2.7,7.7,17.0,0.9,76.7,25.6,6.4,4.7,12.9,0.9,0.8,18.4,12.1,0.0,0.0,0.0,7.3,6.1,0.1,0.0
1934,103.3,27.4,73.1,2.9,6.3,18.1,61.3,2.2,15.5,81.6,78.3,20.1,56.2,2.0,0.1,13.7,48.5,1.3,14.7,63.5,2.7,7.2,16.8,0.9,75.6,25.0,6.2,4.4,12.7,0.9,0.8,18.0,11.7,0.0,0.0,0.0,7.1,6.1,0.1,0.0
1935,102.6,26.9,72.6,3.1,6.3,17.5,61.0,2.3,15.6,80.8,77.8,19.8,55.9,2.1,0.1,13.2,48.3,1.4,14.7,62.9,2.7,7.1,16.7,1.0,75.1,24.9,6.1,4.3,12.7,0.9,0.8,17.9,11.6,0.0,0.0,0.0,7.0,6.0,0.1,0.1
1936,103.3,27.4,72.7,3.3,6.4,17.5,61.1,2.5,15.9,81.0,78.2,20.0,55.9,2.2,0.1,13.1,48.4,1.5,15.1,63.0,2.7,7.4,16.7,1.0,75.5,25.1,6.3,4.4,12.7,1.0,0.8,18.1,11.7,0.1,0.0,0.0,7.1,6.1,0.1,0.1
1937,105.7,28.7,73.5,3.5,6.6,17.9,61.7,2.7,16.8,82.3,79.8,20.9,56.6,2.4,0.1,13.4,48.8,1.6,15.9,63.8,2.7,7.8,16.9,1.1,77.1,25.8,6.5,4.5,12.9,1.1,0.9,18.5,12.0,0.1,0.1,0.0,7.3,6.1,0.1,0.2
1938,106.2,28.7,73.7,3.8,6.7,17.6,62.0,2.9,17.0,82.5,80.1,20.8,56.7,2.6,0.1,13.1,49.0,1.7,16.1,63.9,2.7,7.9,17.0,1.2,77.4,26.1,6.6,4.5,13.0,1.2,0.9,18.6,12.1,0.1,0.1,0.0,7.4,6.2,0.1,0.3
1939,107.1,29.1,74.0,4.0,6.8,17.6,62.4,3.1,17.3,83.0,80.7,21.0,56.9,2.8,0.1,13.0,49.2,1.8,16.4,64.1,2.7,8.0,17.1,1.3,78.0,26.4,6.6,4.6,13.1,1.2,0.9,18.9,12.2,0.2,0.2,0.0,7.5,6.3,0.1,0.3
1940,109.4,30.4,74.6,4.3,6.8,18.3,62.8,3.2,18.2,84.3,82.3,22.0,57.4,3.0,0.1,13.4,49.6,1.9,17.2,64.9,2.7,8.5,17.3,1.3,79.6,27.0,6.7,4.9,13.3,1.3,0.9,19.4,12.4,0.2,0.2,0.0,7.7,6.4,0.1,0.4
1941,113.2,32.7,75.8,4.8,7.2,19.4,63.4,3.4,19.8,86.2,85.2,23.5,58.3,3.4,0.2,14.1,50.0,2.1,18.8,66.2,2.8,9.2,17.4,1.4,82.3,28.0,7.0,5.2,13.4,1.4,1.0,20.0,12.9,0.2,0.3,0.0,8.0,6.5,0.1,0.5
1942,114.2,33.0,75.9,5.3,7.2,19.0,63.5,3.7,20.7,86.2,86.3,24.0,58.6,3.8,0.2,14.1,50.2,2.2,19.7,66.5,2.8,9.0,17.4,1.5,83.5,27.8,7.1,4.9,13.3,1.4,1.1,19.7,12.7,0.2,0.3,0.0,7.9,6.5,0.1,0.5
1943,114.2,33.0,75.6,5.6,7.2,18.7,63.3,4.0,21.0,86.0,86.7,24.2,58.4,4.0,0.2,13.9,50.2,2.4,20.0,66.6,2.7,8.8,17.2,1.6,83.9,27.6,7.0,4.8,13.1,1.5,1.1,19.4,12.6,0.2,0.3,0.0,7.9,6.4,0.1,0.5
1944,116.1,34.2,75.9,6.0,7.5,18.8,63.7,4.3,21.9,86.7,88.3,25.1,58.8,4.4,0.2,14.0,50.7,2.7,20.8,67.4,2.7,9.1,17.1,1.7,85.7,27.8,7.3,4.8,13.0,1.6,1.1,19.3,12.8,0.3,0.3,0.0,7.9,6.4,0.1,0.6
1945,121.1,37.4,77.1,6.6,7.8,20.4,64.6,4.7,23.6,89.7,92.1,27.4,59.9,4.7,0.2,15.1,51.5,3.0,22.4,69.6,2.6,10.0,17.2,1.8,89.5,29.0,7.7,5.3,13.0,1.7,1.2,20.1,13.4,0.3,0.4,0.0,8.3,6.5,0.1,0.7
1946,131.5,42.5,81.6,7.4,8.7,23.3,67.2,5.3,27.0,95.8,99.5,31.2,63.0,5.4,0.2,17.1,53.3,3.3,25.6,73.7,2.9,11.3,18.7,2.0,96.7,32.0,8.5,6.3,13.9,1.9,1.4,22.1,15.0,0.4,0.4,0.0,9.2,6.8,0.2,0.8
1947,146.8,51.7,86.8,8.3,10.4,28.6,70.5,5.7,31.5,104.9,109.9,37.2,66.6,6.1,0.2,20.5,55.8,3.6,29.9,79.8,3.1,14.4,20.2,2.2,106.8,36.9,10.2,8.2,14.8,2.1,1.7,25.0,17.7,0.5,0.5,0.0,10.6,7.3,0.2,1.1
1948,164.0,61.3,93.7,9.1,12.5,34.2,75.9,6.1,35.4,116.1,121.4,43.4,71.3,6.7,0.3,24.1,59.6,3.8,33.5,87.6,3.4,17.9,22.4,2.3,117.9,42.7,12.2,10.1,16.3,2.2,1.9,28.6,20.8,0.7,0.7,0.0,12.2,8.2,0.2,1.4
1949,178.0,68.1,100.2,9.7,14.4,38.4,81.2,6.5,37.5,126.1,130.2,47.5,75.6,7.2,0.3,26.9,63.4,4.1,35.5,94.4,3.7,20.6,24.6,2.5,126.5,47.8,14.1,11.4,17.8,2.4,1.9,31.7,23.4,0.7,0.8,0.0,13.5,9.1,0.2,1.6
1950,193.6,75.9,107.3,10.4,16.2,43.6,87.2,6.9,39.7,137.7,140.0,52.1,80.2,7.7,0.3,30.2,67.5,4.3,37.7,101.9,4.0,23.9,27.1,2.7,136.0,53.6,15.9,13.4,19.7,2.6,2.0,35.7,26.2,0.8,1.0,0.0,15.0,10.4,0.3,1.8
1951,212.0,84.7,116.1,11.1,17.8,48.6,94.0,7.2,44.3,149.8,152.9,58.0,86.5,8.3,0.4,33.6,72.3,4.5,42.1,110.4,4.4,26.7,29.6,2.8,148.4,59.1,17.5,15.1,21.7,2.7,2.2,39.4,28.6,0.9,1.1,0.0,16.3,11.8,0.3,2.0
1952,229.7,92.4,125.1,12.3,19.2,53.0,100.8,7.5,49.2,161.3,166.4,63.9,93.2,9.3,0.4,36.9,77.4,4.7,46.9,119.1,4.8,28.5,31.9,2.9,161.6,63.3,18.8,16.1,23.4,2.8,2.3,42.3,30.4,1.0,1.2,0.0,17.3,13.1,0.3,2.2
1953,249.7,100.8,135.0,13.9,20.4,58.4,108.8,8.1,54.1,175.2,181.4,70.2,100.5,10.7,0.5,40.8,83.4,5.1,51.6,129.3,5.4,30.6,34.5,3.1,176.1,68.2,19.9,17.5,25.4,3.0,2.4,45.9,32.4,1.1,1.4,0.0,18.5,14.5,0.4,2.5
1954,267.5,107.2,145.0,15.4,21.2,62.2,117.0,8.6,58.4,187.9,194.7,75.2,107.5,12.0,0.5,43.7,89.1,5.5,55.9,138.2,5.9,32.0,37.5,3.3,188.8,72.8,20.6,18.5,28.0,3.1,2.5,49.6,34.0,1.1,1.5,0.0,19.6,16.1,0.4,2.7
1955,288.3,115.6,155.8,17.0,22.0,68.0,126.1,9.3,62.9,203.5,209.6,81.1,115.0,13.4,0.6,47.6,95.3,6.0,60.2,148.8,6.7,34.5,40.7,3.6,202.9,78.7,21.4,20.4,30.9,3.3,2.7,54.6,36.3,1.2,1.6,0.0,21.2,17.9,0.5,2.9
1956,313.8,125.2,169.4,19.1,22.5,74.1,136.9,9.9,70.4,220.9,229.5,89.1,125.0,15.3,0.7,52.2,102.9,6.4,67.4,161.4,7.6,36.1,44.3,3.8,222.0,84.2,21.8,21.9,34.0,3.5,2.9,59.5,38.2,1.3,1.7,0.0,22.6,19.8,0.5,3.1
1957,340.6,136.0,183.3,21.2,23.0,80.8,148.1,10.6,78.0,239.5,250.8,98.4,135.2,17.2,0.7,57.6,110.7,6.9,74.9,175.1,8.4,37.7,48.1,4.1,242.4,89.8,22.3,23.2,37.5,3.8,3.1,64.4,40.1,1.3,1.9,0.0,23.9,22.0,0.6,3.3
1958,360.9,142.2,195.4,23.3,23.7,84.9,158.7,11.3,82.3,254.9,265.7,103.3,143.5,18.9,0.8,60.9,117.7,7.3,79.0,185.9,9.0,38.9,51.9,4.4,256.6,95.2,22.9,24.0,41.0,4.0,3.3,69.0,41.9,1.4,2.0,0.0,25.0,24.3,0.6,3.4
1959,383.6,150.3,207.9,25.5,24.9,90.9,169.5,12.1,86.1,272.6,282.1,109.7,151.6,20.8,0.9,65.9,124.7,7.8,82.7,198.5,9.8,40.5,56.3,4.7,272.3,101.5,24.0,25.0,44.8,4.3,3.4,74.1,44.1,1.4,2.2,0.0,26.5,26.8,0.6,3.6
1960,408.2,159.1,221.3,27.8,25.8,97.3,180.6,12.8,91.7,290.8,300.7,117.5,160.5,22.8,1.0,71.4,132.0,8.3,88.1,211.6,10.7,41.6,60.9,5.0,290.0,107.5,24.8,25.9,48.6,4.6,3.6,79.1,45.9,1.5,2.3,0.0,27.8,29.3,0.7,3.8
1961,431.4,166.4,234.6,30.3,26.6,102.6,191.7,13.9,96.5,308.2,317.9,123.9,169.0,24.9,1.1,76.0,138.9,9.0,92.9,223.9,11.6,42.5,65.6,5.4,306.3,113.5,25.5,26.6,52.7,5.0,3.7,84.3,47.5,1.6,2.4,0.0,29.1,32.1,0.7,4.0
1962,457.4,175.9,248.6,32.8,27.8,109.3,203.4,14.9,102.0,327.6,336.8,132.0,177.7,27.0,1.2,81.7,146.1,9.6,98.2,237.3,12.6,43.9,70.9,5.8,324.2,120.6,26.5,27.6,57.3,5.3,3.8,90.2,49.6,1.7,2.6,0.0,30.7,35.2,0.8,4.3
1963,484.5,186.4,262.5,35.6,29.4,116.4,214.7,16.1,107.9,347.2,356.3,140.7,186.2,29.4,1.4,87.7,152.7,10.4,104.0,250.9,13.6,45.7,76.3,6.1,342.7,128.2,28.1,28.7,61.9,5.6,3.9,96.3,52.2,1.8,2.7,0.0,32.5,38.3,0.8,4.5
1964,516.7,199.9,278.5,38.3,31.0,125.0,227.8,17.1,115.7,369.9,379.8,151.7,196.3,31.8,1.5,94.6,160.8,11.2,111.7,266.6,15.1,48.2,82.2,6.4,364.8,136.9,29.5,30.4,67.0,5.9,4.0,103.3,55.0,1.8,2.9,0.0,34.6,41.7,0.9,4.7
1965,558.4,218.4,298.4,41.7,33.0,136.2,243.9,18.5,126.8,398.6,411.0,167.0,209.1,34.9,1.6,103.9,170.5,12.3,122.6,286.7,16.8,51.4,89.3,6.8,394.2,147.4,31.4,32.3,73.4,6.2,4.1,111.9,58.5,1.9,3.0,0.0,37.4,45.6,1.0,4.9
1966,607.5,241.5,320.2,45.9,35.3,149.9,260.6,20.3,141.4,430.8,448.8,186.1,224.0,38.8,1.8,115.2,181.0,13.7,137.1,309.9,18.5,55.4,96.2,7.1,430.3,158.7,33.5,34.8,79.6,6.6,4.3,120.9,62.3,2.0,3.2,0.0,40.4,49.7,1.1,5.2
1967,654.3,262.3,341.7,50.3,37.6,162.4,277.2,22.1,155.0,461.7,485.5,203.6,239.0,42.9,2.0,125.7,191.8,15.3,150.7,332.8,20.4,58.7,102.8,7.4,465.0,168.9,35.7,36.7,85.4,6.8,4.3,128.9,65.6,2.1,3.4,0.0,43.0,53.6,1.2,5.5
1968,705.1,285.2,364.6,55.3,39.4,177.6,295.2,24.2,168.6,497.0,526.1,223.2,255.4,47.5,2.2,138.6,204.1,17.0,164.2,359.7,23.2,62.0,109.2,7.8,503.0,178.9,37.2,39.0,91.1,7.2,4.4,137.3,68.8,2.2,3.6,0.0,45.4,57.6,1.3,5.9
1969,763.0,311.5,390.9,60.7,41.3,195.6,316.1,26.3,183.7,538.0,571.7,245.3,273.9,52.5,2.3,153.5,218.0,18.7,179.2,390.2,26.0,66.2,117.0,8.2,545.7,191.3,39.0,42.1,98.1,7.6,4.5,147.8,72.7,2.3,3.9,0.0,48.7,62.3,1.4,6.2
1970,819.9,335.5,418.7,65.6,43.6,211.7,338.4,28.1,198.0,578.3,615.5,265.0,293.5,57.0,2.5,166.5,232.9,20.1,193.3,419.6,28.6,70.5,125.2,8.6,586.9,204.4,41.1,45.1,105.5,8.0,4.6,158.6,76.8,2.5,4.1,0.1,52.1,67.2,1.6,6.6
1971,877.1,358.9,448.1,70.0,45.9,228.1,362.9,29.9,210.4,620.9,658.8,284.0,313.7,61.0,2.7,180.0,249.0,21.5,205.6,450.5,31.8,74.9,134.4,9.0,627.0,218.3,43.1,48.2,113.9,8.4,4.8,170.4,81.1,2.6,4.4,0.1,55.7,72.6,1.7,7.1
1972,944.5,388.2,481.1,75.2,48.4,248.2,391.1,32.0,224.8,671.3,710.0,307.7,336.5,65.8,3.0,196.3,267.7,23.3,219.8,487.3,35.1,80.4,144.6,9.4,674.9,234.4,45.5,51.9,123.4,8.7,5.0,184.0,85.9,2.8,4.7,0.1,59.6,79.5,1.9,7.6
1973,1030.3,429.0,520.1,81.1,53.2,277.0,423.7,34.0,242.4,734.7,775.2,340.4,363.5,71.4,3.3,220.2,289.6,25.0,237.2,534.7,40.1,88.6,156.6,9.8,735.2,255.0,49.8,56.8,134.1,9.0,5.2,200.0,93.5,3.0,5.1,0.1,64.9,86.4,2.0,8.1
1974,1126.2,474.4,563.6,88.2,58.8,305.0,457.8,36.2,268.4,799.1,852.0,377.7,396.2,78.0,3.9,243.5,315.0,26.8,262.8,585.3,46.7,96.6,167.4,10.3,805.2,274.3,54.9,61.5,142.8,9.4,5.6,213.8,101.0,3.2,5.5,0.1,69.4,93.0,2.1,8.7
1975,1219.2,516.6,606.8,95.8,66.0,328.8,491.7,39.0,293.7,859.5,925.5,412.0,428.6,84.9,4.6,263.6,340.7,29.0,287.7,633.2,53.6,104.6,178.2,10.9,871.9,293.7,61.4,65.3,151.0,10.0,6.0,226.3,108.9,3.6,6.1,0.1,73.9,99.0,2.1,9.8
1976,1324.2,566.6,651.9,105.7,73.3,359.2,527.8,43.6,320.3,930.6,1009.1,452.8,462.3,93.9,5.4,288.9,368.1,32.7,313.9,689.8,60.8,113.8,189.6,11.8,948.3,315.2,67.9,70.3,159.7,10.9,6.4,240.9,117.6,4.0,6.8,0.1,78.9,105.5,2.2,10.9
1977,1455.4,634.7,703.8,116.9,81.4,403.5,570.1,48.9,351.5,1022.5,1114.2,509.3,500.6,104.2,6.2,326.3,399.8,37.2,344.6,763.3,68.4,125.4,203.2,12.7,1045.7,341.2,75.2,77.2,170.3,11.7,6.9,259.2,128.4,4.6,7.7,0.1,85.1,113.1,2.2,12.4
1978,1625.4,723.7,771.9,129.8,90.8,464.5,624.8,55.0,390.3,1144.4,1249.8,582.5,551.7,115.7,7.1,377.1,441.4,42.0,382.2,860.5,79.2,141.2,220.2,14.2,1170.6,375.6,83.6,87.5,183.5,13.0,8.0,283.9,144.1,4.8,8.2,0.1,94.5,121.5,2.3,13.2
1979,1835.4,828.3,860.1,147.0,101.9,536.9,698.0,63.6,435.0,1298.5,1415.7,668.1,616.8,130.7,8.2,437.3,495.7,48.8,425.7,981.7,93.3,160.2,243.2,16.3,1322.4,419.7,93.6,99.7,202.3,14.9,9.2,316.8,162.9,5.5,9.1,0.1,108.9,130.5,2.7,14.8
1980,2056.1,926.8,963.2,166.1,109.2,602.9,785.2,71.9,486.9,1459.9,1593.5,752.1,693.8,147.6,9.0,492.7,560.2,55.0,476.6,1107.9,110.5,174.7,269.4,18.5,1483.0,462.5,100.2,110.1,225.0,16.8,10.4,351.9,179.5,5.8,9.7,0.1,124.3,140.0,3.1,15.7
1981,2318.7,1036.3,1091.9,190.5,116.3,674.8,897.3,83.2,547.1,1655.4,1799.4,843.7,786.4,169.3,9.8,551.0,639.1,63.9,535.5,1254.1,130.7,192.6,305.5,21.2,1668.7,519.3,106.5,123.8,258.2,19.3,11.5,401.3,201.4,6.2,10.5,0.2,146.8,150.5,3.8,16.9
1982,2564.3,1122.2,1225.1,217.0,118.5,738.1,1016.4,96.4,594.9,1850.9,1991.8,917.7,880.6,193.6,10.1,603.1,721.1,74.9,582.5,1399.2,152.1,204.5,344.4,23.5,1839.7,572.4,108.4,135.0,295.3,21.5,12.4,451.7,218.3,6.3,10.8,0.2,168.8,163.5,4.6,17.2
1983,2783.3,1205.8,1331.6,245.9,119.9,806.7,1112.9,111.1,632.8,2030.6,2166.0,990.2,955.9,219.9,10.3,660.9,787.8,87.3,619.7,1536.0,174.9,215.6,375.6,26.0,1991.1,617.3,109.6,145.8,325.0,23.8,13.1,494.6,231.3,6.2,10.8,0.2,185.5,177.9,5.3,17.3
1984,3059.6,1318.9,1459.8,280.9,122.2,893.8,1229.6,128.5,685.6,2251.9,2386.2,1087.2,1047.1,251.9,10.5,733.6,868.8,101.9,671.5,1704.3,204.3,231.6,412.7,29.0,2181.9,673.4,111.7,160.2,360.8,26.6,14.1,547.6,247.8,6.2,10.9,0.2,208.6,193.2,6.4,17.4
1985,3349.6,1426.5,1605.4,317.6,121.3,975.3,1363.5,146.2,743.3,2485.0,2614.4,1180.2,1149.1,285.2,10.6,799.9,959.4,116.5,728.0,1875.8,237.6,246.3,456.3,32.4,2376.8,735.1,110.6,175.4,404.1,29.7,15.2,609.3,262.8,7.4,11.8,0.3,236.6,208.2,8.0,19.4
1986,3605.0,1523.5,1727.7,353.8,119.5,1054.4,1476.8,166.5,787.8,2697.7,2813.2,1264.0,1231.9,317.3,10.7,864.8,1033.2,132.9,771.7,2030.8,273.1,259.5,495.9,36.5,2540.0,791.8,108.8,189.7,443.6,33.6,16.1,666.9,275.9,8.0,12.4,0.3,261.3,224.6,9.3,20.7
1987,3845.4,1608.8,1848.0,388.6,118.0,1124.3,1588.7,186.4,827.9,2899.5,2992.2,1335.8,1309.4,347.0,10.8,920.0,1102.7,147.8,810.8,2170.5,307.2,273.0,538.5,41.6,2685.0,853.2,107.2,204.3,486.0,38.6,17.0,729.0,290.0,8.2,12.7,0.3,287.1,244.3,10.5,21.2
1988,4105.2,1707.8,1970.3,427.1,119.6,1204.6,1701.6,210.0,869.4,3116.2,3185.3,1417.5,1388.4,379.3,11.0,984.5,1172.8,165.5,851.5,2322.8,344.0,290.3,581.9,47.7,2841.3,919.9,108.6,220.1,528.8,44.5,17.9,793.4,306.2,8.4,13.0,0.3,314.6,265.5,11.9,21.7
1989,4384.9,1814.6,2098.0,472.3,122.6,1280.7,1817.2,238.3,926.1,3336.2,3399.6,1507.1,1474.5,418.0,11.4,1046.3,1247.4,187.4,907.2,2481.1,385.5,307.5,623.5,54.3,3014.2,985.3,111.2,234.4,569.8,50.9,18.9,855.1,321.5,8.5,13.3,0.4,339.9,288.5,13.1,22.2
1990,4664.3,1907.7,2236.6,519.9,126.3,1340.6,1943.6,268.3,985.4,3552.5,3629.4,1590.9,1579.1,459.4,12.1,1099.9,1340.4,211.4,965.6,2651.7,421.2,316.9,657.5,60.5,3208.2,1034.9,114.2,240.7,603.2,56.9,19.8,900.8,330.7,9.0,13.8,0.5,353.7,312.7,14.4,23.3
1991,4899.1,1981.7,2347.4,570.0,128.1,1385.2,2043.8,300.6,1041.3,3729.7,3824.5,1657.7,1664.1,502.7,12.6,1138.7,1415.3,237.2,1020.6,2791.3,446.1,324.0,683.4,67.3,3378.4,1074.6,115.5,246.5,628.5,63.4,20.7,938.5,336.8,9.2,14.3,0.6,361.6,336.9,15.1,24.2
1992,5121.0,2064.2,2440.0,616.8,127.9,1441.8,2126.0,330.2,1095.1,3898.0,4013.2,1733.9,1736.9,542.4,12.8,1189.0,1478.0,259.9,1073.5,2926.9,468.4,330.3,703.1,74.4,3544.8,1107.8,115.1,252.8,648.0,70.3,21.6,971.1,341.7,9.7,14.8,0.7,364.9,360.8,15.2,25.2
1993,5380.7,2180.0,2539.4,661.4,131.2,1530.4,2215.2,361.1,1142.8,4106.7,4231.3,1838.5,1811.3,581.5,13.7,1268.8,1543.2,285.7,1119.8,3097.7,493.6,341.5,728.1,79.9,3737.7,1149.4,117.5,261.5,672.1,75.4,23.0,1009.0,352.3,10.2,15.3,0.9,373.9,381.4,15.4,26.4
1994,5671.2,2327.0,2640.4,703.8,136.9,1639.6,2303.9,386.6,1204.1,4330.2,4476.0,1969.1,1888.1,618.8,15.4,1366.1,1608.7,306.8,1179.0,3281.5,522.4,357.9,752.3,85.0,3953.5,1195.2,121.5,273.5,695.2,79.8,25.1,1048.6,366.3,10.7,15.7,0.9,384.4,401.4,15.7,27.3
1995,6022.4,2501.8,2765.1,755.5,143.5,1765.0,2411.3,413.3,1289.4,4589.5,4775.6,2126.1,1984.3,665.2,17.6,1479.1,1688.5,329.1,1261.2,3496.7,549.5,375.7,780.8,90.4,4226.1,1246.9,125.9,285.9,722.7,84.2,28.2,1092.8,381.6,11.2,16.3,1.0,398.4,422.1,16.2,28.5
1996,6412.2,2685.5,2907.8,818.9,150.6,1896.6,2532.3,444.1,1388.6,4873.0,5109.1,2291.4,2095.0,722.6,19.9,1598.0,1779.2,355.3,1356.6,3732.5,583.5,394.1,812.7,96.3,4525.6,1303.2,130.7,298.6,753.1,88.8,31.9,1140.5,397.6,11.8,17.1,1.1,414.3,444.4,16.9,29.9
1997,6849.1,2881.8,3070.3,897.0,160.0,2042.9,2675.3,484.8,1486.1,5203.0,5473.8,2464.3,2217.3,792.2,22.4,1728.9,1883.3,389.2,1450.1,4001.3,619.3,417.5,853.1,104.7,4854.5,1375.4,137.6,314.0,792.0,95.7,36.1,1201.6,416.0,12.3,17.9,1.1,433.5,476.8,17.7,31.4
1998,7325.9,3093.2,3252.3,980.4,168.0,2202.8,2841.3,532.2,1581.7,5576.3,5861.1,2645.8,2351.3,864.0,25.2,1866.1,2002.9,427.4,1539.5,4296.4,670.9,447.4,901.0,116.4,5190.2,1464.8,142.7,336.6,838.4,104.8,42.3,1279.8,433.1,13.0,18.8,1.2,462.1,517.7,18.9,33.0
1999,7839.5,3320.6,3437.2,1081.8,170.8,2394.8,3009.8,598.7,1665.4,6003.3,6276.2,2840.3,2485.1,950.8,27.5,2028.5,2122.3,482.4,1615.5,4633.2,726.2,480.3,952.1,131.0,5550.0,1563.3,143.3,366.3,887.6,116.2,49.9,1370.1,447.6,14.0,19.9,1.2,500.2,560.1,20.4,35.1
2000,8406.8,3560.5,3650.6,1195.7,175.5,2598.5,3203.6,672.5,1756.7,6474.6,6730.5,3041.7,2640.9,1047.9,30.9,2197.9,2261.1,543.4,1697.2,5002.4,775.0,518.8,1009.7,147.8,5955.6,1676.3,144.6,400.6,942.5,129.1,59.5,1472.2,460.7,15.5,21.9,1.3,547.4,607.7,21.7,38.7
2001,8858.0,3711.2,3864.7,1282.1,181.2,2724.1,3396.3,722.7,1833.7,6843.1,7076.6,3159.1,2797.5,1120.0,35.1,2294.6,2399.7,583.6,1763.6,5277.9,808.5,552.1,1067.2,162.1,6268.1,1781.4,146.1,429.5,996.6,139.1,70.1,1565.2,467.6,17.2,24.5,1.4,592.5,655.6,22.7,43.1
2002,9179.0,3801.6,4033.6,1343.9,188.8,2798.2,3554.3,768.1,1869.7,7120.5,7291.8,3214.6,2910.7,1166.5,40.6,2338.9,2504.9,617.6,1789.8,5461.4,838.8,586.9,1122.9,177.4,6453.0,1887.2,148.2,459.2,1049.4,150.5,79.9,1659.1,472.2,19.0,26.3,1.3,636.1,707.8,24.5,46.6
2003,9488.8,3889.3,4194.4,1405.0,197.0,2874.8,3710.0,813.3,1893.8,7398.0,7501.0,3268.6,3018.1,1214.4,46.0,2386.6,2609.2,652.4,1806.7,5648.3,862.1,620.8,1176.4,190.6,6638.9,1987.8,151.0,488.2,1100.7,160.8,87.0,1749.7,477.3,20.6,28.0,1.3,675.0,760.6,25.1,49.8
2004,9850.9,4013.1,4367.0,1470.8,207.2,2984.7,3875.8,857.3,1925.8,7717.9,7755.1,3352.6,3134.9,1267.5,51.8,2462.7,2721.7,686.4,1832.4,5870.9,898.6,660.5,1232.0,203.3,6856.4,2095.8,155.4,522.0,1154.1,170.9,93.5,1847.0,484.6,21.9,29.2,1.2,719.0,813.6,26.2,52.3
2005,10310.0,4185.5,4573.5,1551.0,217.4,3132.6,4072.9,904.1,1983.0,8109.6,8095.2,3479.4,3281.0,1334.8,57.4,2571.4,2861.1,723.1,1882.3,6155.5,932.3,706.1,1292.5,216.2,7162.9,2214.8,160.0,561.2,1211.8,181.1,100.8,1954.1,494.7,23.6,30.5,1.2,772.1,865.6,27.1,55.3
2006,10897.4,4407.2,4849.2,1641.0,225.2,3324.3,4338.2,951.9,2057.8,8614.4,8539.7,3649.9,3478.0,1411.8,61.9,2717.2,3050.1,760.7,1949.8,6528.0,968.6,757.3,1371.2,229.2,7571.1,2357.7,163.3,607.2,1288.0,191.2,108.0,2086.4,506.7,25.8,32.3,1.2,838.2,924.6,29.0,59.2
2007,11566.4,4630.1,5194.4,1741.9,234.0,3502.0,4661.0,998.5,2171.0,9161.5,9043.4,3819.5,3725.4,1498.5,66.6,2847.3,3278.6,796.5,2054.4,6922.4,1019.0,810.6,1469.0,243.4,8024.4,2523.0,167.4,654.6,1382.4,202.1,116.6,2239.1,519.6,28.5,35.4,1.1,916.5,990.2,31.6,65.0
2008,12197.7,4774.7,5578.8,1844.2,247.7,3598.8,5025.7,1042.7,2282.8,9667.2,9508.2,3920.8,4001.1,1586.3,73.0,2908.8,3538.9,829.8,2157.7,7277.4,1049.7,853.9,1577.6,257.9,8458.5,2689.5,174.7,690.1,1486.8,212.9,125.0,2389.7,535.2,31.3,38.7,1.2,991.7,1057.0,34.4,71.2
2009,12485.8,4732.5,5838.9,1914.4,259.7,3549.5,5272.0,1078.6,2326.0,9900.1,9688.0,3864.1,4179.9,1643.9,78.6,2850.0,3707.0,855.4,2196.9,7412.5,1046.6,868.3,1659.0,270.5,8641.4,2797.9,181.1,699.5,1565.0,223.2,129.1,2487.6,541.0,33.5,43.1,1.3,1030.1,1113.2,35.7,77.9
2010,12793.9,4790.6,6017.3,1986.0,271.0,3595.2,5440.7,1111.6,2375.4,10147.5,9907.5,3898.3,4305.1,1704.0,83.8,2877.2,3825.1,879.5,2242.0,7581.7,1046.1,892.2,1712.2,282.0,8861.4,2886.4,187.2,718.0,1615.7,232.1,133.4,2565.8,546.9,35.6,46.8,1.3,1064.2,1155.1,36.4,83.8
2011,13224.5,4943.1,6210.3,2071.1,286.4,3709.4,5622.0,1152.9,2454.0,10484.2,10237.6,4015.0,4446.8,1775.9,90.3,2964.7,3957.5,910.3,2314.9,7832.4,1058.6,928.2,1763.5,295.3,9179.0,2986.9,196.0,744.7,1664.5,242.6,139.1,2651.8,556.7,38.2,50.7,1.3,1104.0,1199.3,36.8,90.3
2012,13782.2,5164.2,6452.8,2165.3,313.2,3876.2,5842.0,1200.6,2550.2,10918.8,10671.0,4186.9,4629.1,1855.0,101.0,3098.6,4121.3,945.9,2404.1,8165.8,1089.1,977.3,1823.7,310.2,9581.8,3111.2,212.1,777.5,1720.7,254.7,146.1,2752.9,575.3,41.2,56.1,1.4,1155.4,1244.3,37.5,98.7
2013,14360.3,5389.8,6705.6,2264.8,340.4,4036.3,6069.4,1246.0,2668.1,11351.8,11128.0,4365.8,4820.6,1941.7,111.8,3228.5,4292.4,981.7,2513.6,8502.6,1127.1,1024.1,1885.0,323.2,10000.9,3232.3,228.6,807.8,1777.0,264.3,154.5,2849.2,595.0,43.7,60.0,1.4,1209.2,1284.3,38.6,105.2
2014,15016.0,5642.8,6994.4,2378.8,362.5,4218.5,6327.4,1301.5,2806.1,11847.4,11652.6,4570.3,5042.0,2040.3,120.8,3375.8,4488.6,1025.4,2641.9,8889.8,1172.3,1072.5,1952.4,338.5,10480.3,3363.4,241.7,842.7,1838.8,276.1,164.1,2957.6,615.5,46.1,64.6,1.5,1268.7,1327.1,39.9,112.1
